text,label
"Guaranteed 10x returns in just seven days. Invest now!",SUSPICIOUS
"Pay a registration fee to unlock your guaranteed trading profits.",SUSPICIOUS
"Double your money in 48 hours with zero risk.",SUSPICIOUS
"Limited slots available. Transfer money immediately.",SUSPICIOUS
"Join our VIP group for guaranteed daily stock market profits.",SUSPICIOUS
"Send money to my personal account to activate your investment.",SUSPICIOUS
"Pay a withdrawal fee before receiving your investment profits.",SUSPICIOUS
"Our secret trading strategy guarantees 100 percent returns.",SUSPICIOUS
"Invest today or permanently lose this exclusive opportunity.",SUSPICIOUS
"Deposit money now to recover all your previous trading losses.",SUSPICIOUS
"Guaranteed profit with no possibility of losing money.",SUSPICIOUS
"Share your OTP to verify your investment account.",SUSPICIOUS
"Learn about mutual funds and their associated investment risks.",NOT_SUSPICIOUS
"Stock market investments can lose value.",NOT_SUSPICIOUS
"Compare expense ratios before choosing a mutual fund.",NOT_SUSPICIOUS
"Read the official offer document before investing.",NOT_SUSPICIOUS
"Understand your risk tolerance before investing in stocks.",NOT_SUSPICIOUS
"Past performance does not guarantee future returns.",NOT_SUSPICIOUS
"Check whether an investment adviser is registered with SEBI.",NOT_SUSPICIOUS
"Diversification can help manage portfolio risk.",NOT_SUSPICIOUS
"Review the fees and terms of an investment product.",NOT_SUSPICIOUS
"Learn how compound interest works over time.",NOT_SUSPICIOUS
"Invest according to your financial goals and time horizon.",NOT_SUSPICIOUS
"Research a company before buying its shares.",NOT_SUSPICIOUS
"Mutual funds are subject to market risks.",NOT_SUSPICIOUS
"Read the official information available on the fund website.",NOT_SUSPICIOUS
"Never share your banking password with anyone.",NOT_SUSPICIOUS
"Compare different investment options before making a decision.",NOT_SUSPICIOUS
"Understand the tax implications of capital gains.",NOT_SUSPICIOUS
"Review your portfolio periodically to check your asset allocation.",NOT_SUSPICIOUS